<?xml version="1.0" encoding="UTF-8"?>
<beans xmlns="http://www.springframework.org/schema/beans"
	xmlns:xsi="http://www.w3.org/2001/XMLSchema-instance"
	xmlns:p="http://www.springframework.org/schema/p"
	xmlns:ctx="http://www.springframework.org/schema/context"
	xmlns:jee="http://www.springframework.org/schema/jee"
	xmlns:util="http://www.springframework.org/schema/util"
	xmlns:tx="http://www.springframework.org/schema/tx"
	xmlns:sec="http://www.springframework.org/schema/security"
	xmlns:security="http://www.springframework.org/schema/security"
	xsi:schemaLocation="http://www.springframework.org/schema/jee http://www.springframework.org/schema/jee/spring-jee-4.0.xsd
		http://www.springframework.org/schema/security http://www.springframework.org/schema/security/spring-security-4.0.xsd
		http://www.springframework.org/schema/beans http://www.springframework.org/schema/beans/spring-beans-4.0.xsd
		http://www.springframework.org/schema/util http://www.springframework.org/schema/util/spring-util-4.0.xsd
		http://www.springframework.org/schema/tx http://www.springframework.org/schema/tx/spring-tx-4.0.xsd
		http://www.springframework.org/schema/context http://www.springframework.org/schema/context/spring-context-4.0.xsd">
		<sec:authentication-manager id="authenticationManager">
		<sec:authentication-provider>
			<sec:jdbc-user-service id="userService"
				data-source-ref="dataSource" 
				users-by-username-query=" select username,password,enabled,login_id from login where username=?" 
				authorities-by-username-query="select u.username, r.authority from login u, role r, user_role ur where u.login_id = ur.id_user and r.id = ur.id_role and u.username = ?"
			/>
	</sec:authentication-provider>
	</sec:authentication-manager>

	<sec:http
			realm="Protected API"
			use-expressions="true"
			auto-config="false"
			create-session="stateless"
			entry-point-ref="unauthorizedEntryPoint"
			authentication-manager-ref="authenticationManager">
		<sec:custom-filter ref="authenticationTokenProcessingFilter" position="FORM_LOGIN_FILTER" />
		<sec:intercept-url pattern="/rest/**" access="permitAll" />
		<sec:intercept-url  pattern="/new/**" access="hasRole('user')" />
	</sec:http>

	<bean id="unauthorizedEntryPoint" class="org.angular.spring.security.UnauthorizedEntryPoint" />

	<bean class="org.angular.spring.security.AuthenticationTokenProcessingFilter" id="authenticationTokenProcessingFilter">
		<constructor-arg ref="authenticationManager" />
		<constructor-arg ref="userService" />
	</bean>

</beans>